id,optical_flow_mean,optical_flow_std,video_warmc,video_heavyl,video_activep,video_hards,video_darkProportion,video_lightPropertion,video_saturation,video_color_energy,video_color_std
1-1065435-000010-000020,0.002601496409624815,0.007655033841729164,-0.41023023548232473,2.697581161408322,1.4230780272389838,-1.5542533668409926,0.8855509830818474,0.052892089620484674,168.7996399176954,2.9602208857966,129564477.68064274
1-1065435-000227-000237,0.05610537528991699,0.13655512034893036,-0.4040349647251442,2.2769781664380435,1.6921161385833945,-2.3719219964563334,0.8544067215363511,0.011133973479652495,112.84266689529036,3.091136121397883,27045904.596489158
1-1732361-000001-000011,0.0015997765585780144,0.1376200020313263,-0.391822424034872,4.25557957175926,1.014821400640156,-0.621914388925059,0.47073423032407385,0.412111545138889,45.28340350115741,3.2150164873561775,48818050.892539255
1-1732361-000021-000031,0.02083931304514408,0.595594584941864,-0.35798928008007613,3.348709924768519,1.5430186057003137,-3.560017563883464,0.5021144386574073,0.3036537905092592,68.2515921585648,3.3329504422102207,84549868.36443006
1-188189-000039-000049,6.715612926200265e-06,0.0056569804437458515,-0.4190873433997965,1.912495348532495,1.7806604992613382,-2.3620592402876053,0.8327279874213835,0.024038259958071278,87.37393081761007,3.613554706973186,5374563.150259198
1-188189-000112-000122,0.0005946876481175423,0.07528255879878998,-0.3943148903495431,2.5191723663522017,1.9385080358390299,-3.304862497952699,0.535792714884696,0.13207154088050313,140.41140068134172,15.416884544790758,4362605.046408102
1-188189-000137-000147,0.149174302816391,0.31553852558135986,-0.3692761925809866,2.268067085953878,1.562015270468242,-3.219812895538522,0.669190251572327,0.08195099580712786,203.46227725366873,11.990874121968975,17336524.46046602
1-188189-000201-000211,0.00028008007211610675,0.07306190580129623,-0.36129138955307366,3.147391247379455,1.8369541255677315,-3.7759228536098006,0.6020230607966456,0.24780529350104827,195.50193003144653,23.36289728858937,10019354.84381156
1-2285643-000045-000055,0.10900448262691498,0.4924614429473877,-0.2619326428515476,1.8951483680555552,2.1547898750266667,-3.2073228315972226,0.3636013888888888,0.1576326388888889,72.26096875,4.174885687908058,58151252.70563986
1-2384563-000050-000100,0.025013884529471397,1.2908674478530884,-0.3690332160844705,2.477428349247685,1.6533185014799174,-2.8675615028663923,0.7617896412037034,0.11238425925925927,62.5679173900463,6.3873476726444975,10309125.2596713
1-2520183-000014-000024,0.03319273144006729,0.43873119354248047,-0.257805212436309,4.400168033050413,1.634862510229252,-4.676120795154964,0.17178594393004118,0.39654835390946513,79.97369405864198,2.579121191777473,138882529.27487925
1-2660693-000058-000108,1.8724069832387613e-06,0.013265322893857956,-0.4376429812664171,3.0535392795138887,1.4233575917213974,3.709860606101707,0.8183072916666668,0.06918113425925926,39.13764612268519,1.6867945588823383,29672633.812613163
1-294113-000000-000010,0.00010603262489894405,0.2306843400001526,-0.3664943171116171,2.731986625514403,1.6592705226778584,-1.4325835808899183,0.5995987654320988,0.10650205761316872,142.30979423868314,,2116997.47124332
1-294113-000011-000021,0.022132789716124535,0.4149201512336731,-0.3497276248181542,2.981093106995885,1.9271352238890112,-2.646601305298354,0.48717078189300417,0.11145061728395061,99.54048353909464,12.621399481391508,6741675.114251599
1-294113-000033-000043,0.0008798790513537824,0.08288553357124329,-0.3003914833304246,3.430816872427984,1.682120653717359,-4.001507661394033,0.4953395061728395,0.16790123456790124,115.47010288065844,18.793289676741406,6050548.414269443
1-294113-000045-000055,0.017668306827545166,0.5508903861045837,-0.3400488358819346,2.4831136831275717,1.849882137127952,-2.9030783275462966,0.6463271604938272,0.07201646090534979,151.3227469135803,73.44221726339727,3524465.079051571
1-3045957-000149-000159,0.04435862973332405,0.48194339871406555,-0.3588375656045652,3.2849540798611105,1.5156139396943173,0.06271113679108724,0.6497656249999999,0.1729184027777778,122.6244045138889,3.065016236150345,137972648.6291362
1-3138116-000024-000034,0.0038477324414998293,0.7186069488525391,-0.46509858025634593,2.7160073456790133,1.4326357614677392,4.815663906153548,0.9381697530864198,0.01616296296296297,33.54275401234568,,24916555.201489195
1-3201662-000035-000045,0.17964597046375275,0.9691041111946106,-0.36425980870553887,2.5075695301783267,1.6098958088886943,0.3769978413816007,0.6594993141289437,0.10726808984910835,115.66443415637859,2.9536344883568924,213170877.79726636
1-3545880-000004-000014,0.003929290920495987,0.17758852243423462,-0.34273589500805074,3.1538613750812217,1.541173313175973,-1.010901612121305,0.6040428037686809,0.18764416829109806,105.263113222872,1.874065095352984,365557199.2616256
1-4269607-000002-000012,0.005014350637793541,2.523088216781616,-0.39995505107129525,3.308137570730453,1.5283325219588375,1.231765899080503,0.5692145704732511,0.13774948559670783,78.32154996141975,,223463281.3205186
2-1065435-000102-000112,0.29364195466041565,1.2129627466201782,-0.36392143879151667,1.3084476451760405,2.2290664030877507,-2.3105036329732513,0.6852537722908092,0.004629629629629629,74.2201817558299,4.371002748686816,10012850.552325105
2-1558545-000045-000055,0.0020346033852547407,0.09823156893253326,-0.33414423088249384,3.07251634837963,2.1361951524228604,-3.816189161964699,0.48720196759259254,0.0581886574074074,69.5818894675926,8.388181277106577,4484457.833106175
2-1734827-000020-000030,0.041080571711063385,0.5452772378921509,-0.33914173846818535,3.165045173611111,1.9851188957931525,-2.928526480251736,0.4533305555555555,0.13269999999999998,91.07857291666666,15.305335557764172,58603466.48383212
2-1885599-000012-000022,0.0005158988642506301,0.19559964537620544,-0.35198216305961133,2.248361527777778,1.814113845100867,-1.5387715390625,0.7496,0.05844444444444446,112.46075833333335,3.6064796502306926,66061048.73737101
2-1885599-000135-000145,0.004684357438236475,0.3420751690864563,-0.30415241820970157,2.8314173611111118,1.8561179684226317,-2.1452696875000004,0.45427500000000004,0.15106388888888886,103.12311944444446,3.7573362294512513,77119766.64977251
2-1984284-000017-000027,3.1721462789846555e-08,0.000553461373783648,-0.477840656960633,3.193088472222222,1.265081144907651,6.178914190972221,0.7294076388888889,0.20897291666666665,10.911974305555555,1.0540056398077344,35120267.32891445
2-2037030-000145-000155,0.0040510413236916065,0.2090134471654892,-0.31919125000870463,2.807282670454546,1.977355987819561,-2.6450644486860795,0.5094517045454545,0.12194318181818183,91.93083806818181,4.0869618449572656,79613489.88537587
2-2147587-000145-000155,0.40658706426620483,3.0662007331848145,-0.4203543517091648,2.7080949074074083,1.6408581328940846,0.4288927466121713,0.8167817644032921,0.025576774691358023,65.8709162808642,3.05712216958714,27521295.644733686
2-2285643-000015-000025,0.07214963436126709,0.49756288528442383,-0.2591169734129216,1.8323100694444445,2.458547800829816,-3.146879618055556,0.2234576388888889,0.08814583333333333,61.00034305555556,4.505919017535558,39038848.56961628
2-2384563-000015-000025,0.014210284687578678,0.48677533864974976,-0.3940351975430176,2.086017252604167,1.7011167158846272,-1.9099475221987123,0.7896014178240741,0.06006872106481482,66.94513961226852,5.748834069091996,20856249.531691555
2-2527417-000035-000045,0.0005496537778526545,0.26628321409225464,-0.3848226114293163,2.6144475650091237,1.5962932785113153,-0.6145831471092805,0.7610192366180049,0.08242187499999999,133.21381253801704,7.4190370877025105,7540207.908581104
2-2660693-000115-000125,2.832843347277958e-05,0.7341725826263428,-0.3668140578513211,3.9625819227430568,1.4621874192776314,-2.768846800627532,0.45143156828703707,0.2378052662037037,65.42298249421297,3.432645251186902,127758459.8920542
2-2810002-000125-000135,0.07858617603778839,1.2868379354476929,-0.3346276349017992,4.312587101337448,1.2321483731258196,-1.6681518942901241,0.5095298353909465,0.26695679012345686,101.25648945473249,2.2825824692530556,135101172.01109508
2-2941599-000131-000141,0.0004450135165825486,0.31886935234069824,-0.3677768702082065,4.469098451967593,1.7737826865650934,-3.9499181538899752,0.44793764467592595,0.062371238425925936,47.7035062210648,2.5159295140831563,99591877.09372036
2-3048829-000155-000205,0.6621124148368835,3.496084690093994,-0.3810731436525596,3.6243244212962957,1.5768914016430498,-1.0617193227358224,0.4019265046296297,0.2756545138888889,36.816347800925925,3.494386431944725,51142663.15640494
2-3138116-000041-000051,0.005753223318606615,0.3051522374153137,-0.3197594023498588,2.7730588734567903,2.215924975770705,-2.019626322820216,0.4346925925925925,0.06156481481481481,81.40880277777778,2.556410906728584,140594852.90584868
2-3201662-000017-000027,0.31252700090408325,0.9411399364471436,-0.37145738865754985,2.9794251757544585,1.7002353429368673,-0.40027492190179265,0.6693128429355282,0.12610896776406036,101.17536608367628,3.321169149176233,51388433.03889369
2-3274786-000141-000151,0.0008692428818903863,0.0800606831908226,-0.48989601756108514,3.232924382716049,1.2493861335048162,6.846052575073366,0.06557377049180331,0.9049876037239432,2.0970109795587937,1.1454511907381684,4150165.1471595312
2-3382615-000110-000120,0.008137899450957775,0.26557064056396484,-0.2941423216358217,1.1836230208333334,2.0171436976511146,-2.246681549045139,0.4416506944444443,0.03028680555555556,146.18888611111112,4.522593184489649,15433067.865538573
2-3545880-000129-000139,3.7134805097593926e-06,0.048834674060344696,-0.3707915206000405,3.8170543981481493,1.787465194744472,-1.3147874653539238,0.4805078378817414,0.13474354288499027,56.77764782326187,2.6609801677143152,90949576.07475679
2-4290449-000124-000134,0.052947163581848145,0.4074603319168091,-0.4640611100130109,2.348181749131944,1.6946154009636842,-1.2530749871148004,0.827115162037037,0.03202763310185185,67.56815610532406,5.580981829400874,1310078.4405285704
2-673325-000200-000210,0.0057172891683876514,0.7569586038589478,-0.3546452750739038,2.34709496855346,1.832872276887464,-1.0063918327437116,0.6624276729559749,0.06852987421383647,111.96025157232705,2.4666037078118146,184135860.37668046
3-1065435-000215-000225,0.012269279919564724,0.11232563853263855,-0.3483315286938432,1.8947582304526753,2.2395160056976824,-2.5671116665952223,0.5525491540923639,0.007938957475994513,80.51858139003201,2.9604146411812042,55633528.81106425
3-1558545-000045-000055,0.11077920347452164,0.775596022605896,-0.2944168000151248,2.6342973090277773,1.948227806808781,-3.2920305926287625,0.5627604166666668,0.06737268518518517,149.74172164351853,10.880211127033677,10533346.078781888
3-1734827-000002-000012,0.00026858545606955886,0.036644741892814636,-0.390646657205129,2.3412144097222223,2.2373131853336314,-2.499729085286458,0.5485430555555556,0.04010902777777777,52.36561388888888,5.310114859364645,8189941.826911634
3-1885739-000103-000113,0.058655835688114166,0.5455130338668823,-0.32384929104405563,3.587852407407408,1.5504384784545084,-2.9230347179783958,0.3426910493827161,0.3868512345679011,122.86005925925922,2.473178004927389,401468675.0074108
3-1984284-000048-000058,5.198183217203223e-09,0.0001869537663878873,-0.49482521511538097,2.998886319444444,1.306801748403299,7.583001042534719,0.8600722222222221,0.09570972222222224,2.0956305555555557,0.5488245735977103,1717565.5715372225
3-2037030-000139-000149,0.07990851998329163,1.1178267002105713,-0.32738867109443986,3.0254992897727275,1.816632113596672,-3.4506311612215916,0.5652869318181819,0.12361647727272727,125.16618181818181,4.3089510647579425,91458717.48296234
3-2147587-000100-000110,0.09464214742183685,0.8905729055404663,-0.34760211622372944,4.302520029578189,1.3082413789514666,-1.5395875541530035,0.5286326517489713,0.18833622685185183,49.81388342335392,2.883906528998916,13731933.504105581
3-2288797-000050-000100,0.012072449550032616,1.1154704093933105,-0.3189754059176966,1.1004519675925926,2.1588106109653866,0.26281297110098306,0.5043504050925925,0.17998842592592593,81.01350260416666,3.651209011935715,6198030.747107662
3-2384563-000145-000155,0.26002970337867737,1.1065547466278076,-0.32411431059309576,1.4530345052083335,2.0944183714366846,-2.4606209554036464,0.7089257812499999,0.030034722222222223,65.25625072337964,8.212149481215558,5401209.1173135005
3-3049195-000021-000031,0.17244935035705566,1.369014024734497,-0.25695978698273897,6.943628713348768,1.3507028100065768,-6.220102175363297,0.0,0.888838091563786,62.07015753600823,10.141247306532831,5119385.309787833
3-3138260-000103-000113,0.017405493184924126,1.1498751640319824,-0.38486912928654476,4.791731857638889,1.2167051248325806,-4.428337917842159,0.10161168981481482,0.5311278935185186,47.57329108796295,9.28000179583323,17984701.922160987
3-3249085-000020-000030,7.19660761205887e-07,0.00142933358438313,-0.3859646810214949,3.511558709490741,1.3289667784013985,-3.9820698556857645,0.01228993055555556,0.8640827546296296,26.95208275462962,9.580319034693657,14307878.299220573
3-3277673-000123-000133,0.020217284560203552,1.2098252773284912,-0.35266220406409376,5.282554180085882,0.7258888180937584,-4.9860697959125915,0.11222238996242619,0.6525576187600644,37.14104015700484,3.472936948710558,75350135.00188026
3-3383278-000102-000112,0.003758886829018593,0.3586399555206299,-0.2701424169302053,3.2688194733796303,2.259536622027793,-3.9698699130135995,0.3525688657407407,0.08652604166666666,116.35936226851852,3.34127024248985,100889708.76172525
3-3545880-000141-000151,2.827688455581665,3.147146224975586,-0.38232266614034577,2.9922778589993495,1.846893844288001,-0.784916971564836,0.6069576429499676,0.06813779239766081,66.84992385477581,2.3311011252361205,84940748.88922398
3-4290449-000002-000012,0.0548393540084362,0.48087745904922485,-0.46323822810358156,2.434631655092592,1.6812360331046772,-1.323113045247396,0.8029239004629627,0.04489293981481481,65.68378544560186,5.264500571879081,1737382.7266820306
3-673325-000005-000015,0.13210594654083252,0.5615839958190918,-0.3077809334698588,2.8182889937106914,2.012126158378178,-3.198322121167454,0.1937279874213836,0.34857704402515727,124.51396540880502,12.636148074475113,80146601.85508509
37-1238784-000000-000020,0.07491520792245865,2.108217239379883,-0.39855729888370456,1.324669231244593,2.1235336244959644,-2.1222042240703405,0.5782269651464592,0.025187708565072298,65.81043675071068,9.01877490978733,2828210.55305041
37-1238784-000232-000245,0.0003739111125469208,0.04303448647260666,-0.4449598828383737,1.8053320529755286,1.8086777111811077,0.6902271954370591,0.8534905682239525,0.005328258249907302,49.82537657582499,2.43544439922601,4714536.109420425
37-1574202-000010-000020,0.032939378172159195,0.6367343664169312,-0.39970481968007193,2.4535266049382716,1.611019467197225,-0.3944557512538587,0.8805361111111111,0.011895370370370372,123.89723672839507,4.165577539553392,17415998.62848908
37-1756772-000000-000012,8.514148066751659e-05,0.053938716650009155,-0.352163700330194,2.5086798611111103,2.0284206142123944,-2.7723205197482637,0.6088987268518518,0.08044212962962963,80.63647222222221,6.06325237058523,38368147.81360031
37-1915618-000147-000200,9.81071571004577e-06,0.1107020229101181,-0.34643271587202695,3.0026000368265993,1.8851354542586194,-2.0179323431252634,0.726892361111111,0.020343013468013472,178.9817308501683,10.251933081391801,13194257.957672494
37-1987331-000244-000307,1.5359395742416382,3.8109078407287598,-0.3425512961908785,3.76449343794792,1.2543069655238896,-3.9976435063959483,0.25986962162233906,0.4537819517439083,46.07330196222858,5.802417436998064,13226090.60090037
37-2049846-000000-000016,0.028112787753343582,1.100251317024231,-0.4217199934260428,2.399510258079594,1.6399754549906589,-0.3753137393962294,0.8846578136128918,0.008097678507834757,110.11118901353278,4.625282203339715,7279704.9267663695
37-2154596-000048-000106,0.0007800826570019126,0.367925763130188,-0.41150009567616475,1.912992412580236,2.202933453508941,-1.8323739505488232,0.6983677601134497,0.01412967420510524,42.26710703090012,2.662067506969691,12641287.27408818
37-2154596-000144-000204,0.19193732738494873,3.7177746295928955,-0.35718036172184425,1.5696371057402845,2.436789538422827,-2.821546736560107,0.4187899818691844,0.09369120313355227,63.70012015941433,20.094789928540244,1250983.3301832608
37-726546-000107-000130,0.04894234612584114,0.787680983543396,-0.36867828297035016,3.902683443829958,1.458399683349633,-4.149586210791745,0.2691851845682303,0.3531816364605544,35.061161963619405,3.88832626222256,24385990.68480682
37-726546-000244-000306,0.004561287350952625,0.2816683053970337,-0.3734879828440825,4.759844080012672,1.9890823469867127,-4.6814343314658275,0.1026951034919741,0.2624102365530836,28.41247623908759,4.377216376548938,35634370.65492565
38-1574202-000031-000045,0.0011891376925632358,0.19122925400733948,-0.4207676340133733,2.456176951058201,1.5026510942668934,1.2468321736524464,0.9369911816578483,0.005352733686067016,136.4369025573192,4.944788149056485,3593816.022572815
38-2552691-000010-000016,0.13154330849647522,1.2395522594451904,-0.4044228517647404,3.1478289609053487,1.4558215846582545,1.065453442751199,0.6187941529492458,0.11573131001371742,81.21002014746227,,108359031.33585623
38-3299671-000000-000015,0.006231274921447039,0.7918351888656616,-0.3599350775908939,3.1680394890260644,1.5529859307755856,-0.7138603138395927,0.6336325445816188,0.10424759945130317,98.2415430384088,2.775491542836471,94659697.85641418
38-389503-000020-000033,0.05719895288348198,0.5135188698768616,-0.3208347887530721,3.325608105929393,1.862124640133373,-2.9615180620157493,0.49007660487912735,0.11559482790389153,64.40482315927183,7.898492297181135,6624499.529621736
38-4691871-000022-000030,0.0505623035132885,1.0606446266174316,-0.36990144423066124,4.771903472222223,0.7964353576201437,-1.595646267632379,0.28474913194444434,0.5497256944444444,38.67580034722222,2.3627126820373623,188428187.76160306
38-4864353-000006-000018,0.009785248897969723,0.7290113568305969,-0.39548886754139473,2.713927875243665,1.6923486239355763,-0.30174685625252157,0.7041691873361566,0.11959064327485383,49.118277374470665,5.217119736467444,59520249.470079094
38-4864353-000040-000050,0.29306092858314514,1.598874568939209,-0.39301382562454185,1.7347197348115657,1.8519786008784287,0.288941696870938,0.8668971328784925,0.010717186484730344,58.35493725633528,6.135329665537834,2146285.5033491584
39-1574202-000053-000102,1.5467307567596436,1.4382283687591553,-0.38292219259314586,2.899015750805153,1.4511556111519952,-0.18076237220293281,0.796459675254965,0.08375570316693505,107.33059916800856,5.075695167533048,16990953.760765266
39-1756772-000000-000018,0.0072774263098835945,0.3335622549057007,-0.35756338921773345,1.0367437114197529,2.034654847110493,-2.419142231385031,0.35891666666666666,0.12121604938271603,83.6556072530864,6.875110443855866,1773486.1056383639
39-2049846-000030-000052,0.007351415231823921,1.222784399986267,-0.38416063124371835,2.351891245332154,1.709846336825534,-0.35776998012070954,0.7926657494758911,0.022781340081236896,105.97380580942084,2.4963726680588167,71469590.88568117
39-2154596-000042-000052,0.3686046600341797,1.3623987436294556,-0.3549089653710707,3.74605351156267,1.1718390468043403,-4.1357648474114415,0.033122947454844016,0.8492563799945265,19.9801095545977,7.33348126962991,28080173.21943751
39-2289400-000000-000013,0.005332121625542641,0.6403720378875732,-0.41170133448313606,2.843785211894587,1.868495598210801,-0.627783946954016,0.7301718304843304,0.016209935897435888,66.0531254451567,3.5825462971355293,31012866.39473278
39-2397665-000024-000033,0.0004898126935586333,0.06680937111377716,-0.3645548952834668,2.1088107288159375,1.606192843040364,-2.6761679520903474,0.8425505050505048,0.003435746352413019,157.10891694725026,9.32967547256999,1078461.482858067
39-2739984-000000-000015,0.0003832991642411798,0.05747609585523605,-0.3156336172266725,1.7166065779320985,1.9703403347654376,-2.6303233194986984,0.6284341242283951,0.054293981481481485,138.25302324459878,3.5335468185468475,42374196.54781466
39-2877239-000014-000030,0.001312335836701095,0.12321770191192627,-0.3281764018468528,2.0687272673314347,2.030990421558591,-0.468511452707048,0.7514001661918329,0.013590337132003798,112.38695512820512,5.857011214034897,19582428.747532614
39-2982995-000053-000109,0.1358562558889389,1.4853332042694092,-0.31250603319956854,4.938965020576133,1.6298847356208899,-4.887240618770898,0.13200086805555558,0.3907634066358025,58.33774546682099,3.5591117219854085,83306831.39865358
39-3397859-000004-000013,9.780250547919422e-05,0.056896962225437164,-0.4670458950592759,3.3846158288043484,1.222431849067438,4.919680028117449,0.015184178743961352,0.9662537741545895,10.822632095410627,0.7630424123533628,27858465.20982386
39-389503-000011-000024,0.21758480370044708,0.7166818380355835,-0.37737380776716917,2.3071313822044517,1.8101464516573345,-2.3774452666516583,0.8343828309257076,0.021128528522995283,89.01385382886203,10.37590905479301,3352512.0631161453
39-4699043-000000-000010,0.03859920799732208,0.8701829314231873,-0.29055751229335075,5.282088511208577,0.839872877962391,-5.111679756665244,0.053461054256010394,0.7382137345679013,68.5340277777778,3.7771152346196946,67900109.0553241
39-4868546-000056-000112,0.0009341948898509145,0.19281843304634094,-0.4125775338964513,4.235951604438447,1.0112247281543718,2.3003483021176963,0.3951298295596541,0.2987910481331534,64.97630204428452,2.649186507995892,94759355.67927098
4-1065435-000034-000044,0.05152082443237305,0.5686639547348022,-0.3707895649035262,0.931805269775949,2.501463254312256,-1.954851382101624,0.3553955189757659,0.006384316415180612,64.74298125285779,2.5225021653662822,55851474.85206447
4-1571353-000007-000012,0.01666511408984661,1.1236844062805176,-0.3579845053189304,2.7375019364316233,2.154049623051294,-0.6190167847723032,0.5105608974358974,0.06371127136752136,82.79620726495726,2.1120835440290477,129969336.4478248
4-1734827-000000-000021,0.0034816728439182043,0.4174169898033142,-0.35239907550473853,5.20300085167715,1.9401296843257347,-5.0698027113428665,0.3280516247379455,0.054225628930817636,49.46736471436059,10.178105830065888,2919244.0038527357
4-1888229-000118-000128,0.00027571359532885253,0.10503649711608887,-0.35425302772011963,4.363558472222221,1.8057763481186277,-1.088746281250001,0.39984583333333323,0.1251944444444444,67.65701250000001,2.6642162737980857,105292140.41045249
4-1984312-000131-000138,2.730898449954111e-05,0.019245194271206856,-0.4834914856172958,2.995809220679012,1.2927021592678198,6.882391756787709,0.7624228395061728,0.0912596450617284,12.890597993827159,,28614570.12201748
4-2037030-000000-000012,0.042956773191690445,1.794701337814331,-0.3304288727201078,3.0310814393939407,1.805311162877951,-3.492020168235084,0.37418323863636366,0.27944128787878786,81.0085984848485,3.501239088723761,120994853.1202417
4-2147587-000115-000125,0.04057929664850235,0.5579837560653687,-0.34216559365921945,4.399980822402263,1.7583496824879579,-1.7122873712987081,0.4257568158436214,0.2275736239711934,90.51639435442387,3.483322255633011,31853696.479349192
4-2384563-000023-000033,0.033000361174345016,2.3221421241760254,-0.34187323701600897,3.3368679470486113,1.972769120399188,-3.2267054635507093,0.5588295717592592,0.08212094907407406,57.16354311342594,6.276273266586146,15598629.681681322
4-2527484-000050-000100,0.1761307567358017,0.8516026735305786,-0.3702910258207258,3.3227357986111103,1.4885251097303267,-0.4339054331597228,0.6555187499999999,0.1203423611111111,93.0433055555556,4.181571348172961,53020326.02945773
4-2814099-000035-000045,0.41644400358200073,3.2112221717834473,-0.35718229587002553,4.1980900977366264,1.6297693327431055,-4.241101012409979,0.3863045267489712,0.2553317901234568,44.26598019547325,3.6426607412137435,100360226.70475394
4-2944862-000023-000033,1.528882762613648e-07,0.0019706436432898045,-0.40682340666647326,4.144928993055555,1.529102460717508,1.0077904828559028,0.14955069444444447,0.5256972222222221,37.61467430555555,2.2550307553853526,170640362.51521578
4-3049195-000031-000041,0.008533013053238392,0.8851161003112793,-0.26372061051604184,3.7868972157921816,1.4804153682897836,-4.312442530703446,0.14264821244855966,0.4886445473251029,72.87271251286009,4.037349794901668,64691908.81165531
4-3138534-000100-000115,0.47123515605926514,1.9107266664505005,-0.3255869561788717,2.133182233796296,1.8902630597134484,-2.5795517134452166,0.7559753086419755,0.02831481481481481,160.24802199074074,4.92644742768254,56926972.398291394
4-3249085-000117-000128,6.854320417915005e-07,0.0017372833099216223,-0.3859881618951929,3.5227281933922576,1.3279419341072893,-3.987964789496528,0.018932028619528623,0.8365372474747478,26.9713952020202,9.538972384276507,14772160.300503725
4-3281820-000206-000216,0.00511347409337759,0.2666570246219635,-0.29060135999397435,4.370746030454283,1.8714495666105442,-4.61805145235415,0.35915889033564813,0.15890661168981482,82.99235387731483,6.298550786818128,23160713.70630638
4-673325-000206-000216,0.2660808563232422,1.4399378299713135,-0.3806872916046614,2.192905031446541,1.6060541794426306,-1.5585764504716983,0.9227138364779874,0.006833333333333334,156.5261179245283,3.836020291147007,11856108.560132077
42-1766845-000011-000020,0.02288956753909588,0.6684192419052124,-0.4068983829038855,2.8704716303661617,1.6292991604501756,-3.182932164171007,0.7609911616161615,0.04261916035353535,72.70805082070707,6.250108066909498,14111875.247161759
42-1766845-000050-000059,0.0007297453703358769,0.18434546887874603,-0.41342691393509673,2.354964251893939,1.915728782090962,-0.2247587493588228,0.7161647727272727,0.038233112373737374,43.86638257575756,1.8980282690972106,102997047.68964657
42-1915618-000110-000127,0.0019545217510312796,0.12224269658327103,-0.2701261734127003,4.995796067506459,1.9536075819219527,-4.695744270454821,0.22309512273901808,0.10905281007751934,102.83807210917313,15.013369620541965,8216958.603327259
42-1989185-000046-000102,0.0002395224291831255,0.03750338405370712,-0.4886434433411903,3.093776204427082,1.326684146902257,7.205808285861541,0.8122764756944446,0.14122829861111116,16.792825520833333,0.4702338008878395,26073414.108173948
42-2049846-000145-000200,2.973842310893815e-05,0.10332123935222626,-0.334296353588292,1.7686544536072528,2.1992148182468014,-0.23783215204874747,0.47332311559606477,0.02761426384066358,98.22880949797454,2.652864939827093,87771726.40542643
42-2049846-000247-000304,0.024129411205649376,0.427257776260376,-0.346206733409048,1.999090989689193,2.16936820149882,-0.4706079198739077,0.5718368902439024,0.020490610179539293,73.79140267721039,3.1670127090479663,62995185.00193888
42-2154596-000027-000038,0.011368712410330772,0.3048695921897888,-0.37308220443046963,1.6590453764519861,2.0037756260188897,-1.248043251093741,0.7511292799367513,0.013725825579273857,64.44554825761723,5.772423090787283,47148566.497080564
42-2154596-000118-000130,0.0030727856792509556,0.09406392276287079,-0.3698822573812048,1.746783325547817,1.8384081525145832,-2.817704903282656,0.8753383160636429,0.009551058830190817,89.2860281835683,10.40096091402662,7522985.527555225
42-2289400-000211-000237,0.02134086936712265,0.5661967992782593,-0.3921074386938647,1.8611640068554136,1.8297445809366137,-0.16952597510183023,0.7194399928774929,0.026862313034188033,92.76016871438745,3.55002837233905,9657898.22608339
42-2397665-000151-000200,0.0877574011683464,0.5666738748550415,-0.2666762674382273,6.374513275112233,1.2943601104526117,-5.870573121624227,0.031165474186307517,0.6028780864197529,85.31050960998877,7.308098270273604,12127054.596842134
42-2553670-000200-000215,0.00015302827523555607,0.07283810526132584,-0.27312215149326446,4.419953935185186,1.622283575104937,-4.557309709201388,0.21966049382716038,0.22027469135802474,100.96051080246912,4.7507311431294195,40945563.29839778
42-2754180-000122-000135,0.07030047476291656,0.6171308755874634,-0.39041219712139746,2.784912890478862,1.5817385063889053,-1.051278503276399,0.7431556303778525,0.09035260007482229,62.65924639917695,2.9055798836688824,55457179.792031065
42-2879712-000020-000043,0.0013871523551642895,0.4467524290084839,-0.33263359205399373,3.8222805937256945,2.0368815951983033,-1.5518894940746273,0.4857402126004667,0.1383264194970184,91.13838367470403,4.76554269852275,40628362.13368354
42-2982995-000022-000036,0.011821064166724682,0.4664049744606018,-0.32291381006825154,3.928389247134039,2.1143361286090383,-4.063995267719358,0.274255033803645,0.14120921516754853,76.32112929894181,3.536551790065954,73626409.95572434
42-3176092-000214-000224,0.00034315555240027606,0.12335780262947083,-0.38895209785939244,2.3679850000000005,1.6437045140061877,-0.2406949008246534,0.8427041666666666,0.02614305555555556,83.32273680555556,2.2885760539480655,95437744.3930666
42-3398864-000105-000116,0.0835847333073616,0.33934885263442993,-0.4121681098183977,2.3566469907407406,1.6642193670526952,0.204443890255272,0.8555787037037037,0.05077803497942387,52.24457947530865,4.266281139206876,22477124.120331742
42-3586495-000029-000041,0.0010032521095126867,0.06895115226507187,-0.3131789557430574,5.791263888888889,0.613201550723864,-5.157194435838721,0.07200191570881226,0.6322850814176243,70.82765265804599,2.091255679867701,263318736.60719132
42-3954629-000034-000047,1.634883165359497,1.3862065076828003,-0.3859493124059087,2.3987529296875,1.6922000586306543,-0.09651456417507678,0.664084743923611,0.0601443142361111,108.89342719184029,4.159026804452561,46366847.30043643
42-4707490-000009-000019,0.4137142300605774,1.7431057691574097,-0.4099612210663297,4.261781189083821,1.3837054283603696,-1.3664172831257113,0.41734080571799864,0.25778508771929826,40.97718587556855,1.7292640891688258,244748804.40974632
42-4881944-000013-000028,0.18406859040260315,0.6371092200279236,-0.34902676142277356,2.313178233972277,1.5798382843897858,-3.084220380988399,0.8410135098548842,0.06791612518951701,206.83780796512886,9.524228857806257,7484413.047405102
43-1238784-000026-000043,0.02653452754020691,0.9837281703948975,-0.33311288518869053,2.972866667571014,2.644998914299323,-3.6436162796908493,0.1769020682420395,0.10092695587690029,59.97511417383361,5.443811682970191,22816608.22437075
43-1575487-000126-000141,0.028905384242534637,0.8401260375976562,-0.38802019948351857,2.6563249725877185,1.8487348506082946,-0.7658998790718665,0.6848830409356723,0.0527046783625731,75.47669088084793,2.681658446384485,58176762.99694302
43-1915618-000000-000009,0.0012202989310026169,0.07792946696281433,-0.2636359259647576,3.3847394701086966,2.146531893465456,-3.8072397005680108,0.313131038647343,0.05196859903381642,131.3586903683575,10.541568882212799,10103069.814706506
43-1915618-000059-000125,0.014717195183038712,0.4102398157119751,-0.2623889587101916,4.357603392094018,2.1436330288873635,-4.370596133563702,0.26503819444444443,0.10941987179487182,131.21105021367524,15.80446937741854,4137220.3345101164
43-1915618-000218-000240,0.005896217189729214,0.42272675037384033,-0.25900257986948433,4.754148484848485,1.9369180256212395,-4.614368404060133,0.22102335858585856,0.1812929292929293,128.59990561868693,17.97594942362093,2880692.4598781257
43-1989185-000032-000045,0.00033106468617916107,0.03936459496617317,-0.49082233782248824,3.0592102029914523,1.3080435773121355,7.3332606244991965,0.8188368055555555,0.13572916666666668,14.093946314102563,0.4320784605357186,18413374.215342093
43-2049846-000048-000107,0.05950284004211426,0.8263575434684753,-0.3480398540682334,2.879220035571407,1.8353530474445272,-0.9315058887868691,0.5929202757019927,0.12451171874999999,78.29028320312501,3.609403173134529,71908653.45027415
43-2154596-000026-000046,0.043413396924734116,0.7483887672424316,-0.4312169923470996,2.2892917543274494,1.764756352866782,-0.9685091757187121,0.8211854731116582,0.04566848830049262,49.845341791529826,3.5518297598444044,8698640.67298089
43-2154596-000112-000128,0.9267938137054443,1.4651011228561401,-0.3337630988258145,2.88228040398299,2.0250070593541234,-3.543358557517973,0.5457136015325671,0.10809544861268999,123.32858037556313,11.239300862178906,14164677.329749674
43-2289400-000146-000200,0.04726111888885498,1.8524771928787231,-0.3848407117082628,2.1326828497023804,1.9178484946783514,-0.21423382691075624,0.6968287037037038,0.03504918981481483,56.32375992063493,2.324661883398523,67852819.7674118
43-2553670-000028-000045,0.001343567855656147,0.28931504487991333,-0.36614771123789375,1.7956608796296296,1.793590692467698,-2.1152890250544667,0.7494403594771243,0.0277260348583878,137.99396514161222,10.639308714818078,2486754.3703394434
43-2553670-000204-000228,0.004424592945724726,0.2792578339576721,-0.3672338113590866,1.964333863811729,1.7624815768413813,-2.625491933412905,0.7818383487654322,0.03538966049382718,146.01965084876534,13.426617415350911,1790702.243621806
43-2754180-000037-000100,0.0615820474922657,1.248340129852295,-0.36307822706121884,2.3444713641443173,1.8155776603238114,-0.9062568424645465,0.7764011281396338,0.04469361962537251,72.04565160706684,2.9675253249711826,51254845.70160788
43-2879712-000157-000222,0.010957874357700348,0.27926233410835266,-0.35724357536128626,3.6857210983808737,1.7516959438891786,-1.1935677105089118,0.471308230894697,0.18045808966861593,76.97219039662647,,54275411.30097975
43-3176092-000003-000037,0.0003460499574430287,0.23090603947639465,-0.3960696848872645,4.751061264297387,1.7120155800839942,-1.1644291353273084,0.3356456290849674,0.13479023692810455,36.611552083333315,2.6582815364354073,99834983.20885715
43-3303618-000054-000105,3.9952588081359863,3.8407158851623535,-0.3620694263872833,5.285209046378968,1.5545874476773671,-3.6409442454504592,0.1667857142857143,0.3234244791666666,58.32023375496032,2.6071641130771255,194574926.5962791
43-3400029-000212-000225,0.02560664713382721,1.200439214706421,-0.3243472460111752,6.225910037878791,0.6074930359794269,-5.6878683795967495,0.00783038720538721,0.8074921085858585,40.68575231481482,6.1584743397894695,9157950.828132326
43-3586495-000018-000029,0.00021091495000291616,0.1036408469080925,-0.31923690649564446,5.949870145318931,0.5929951371760658,-5.289011065899886,0.07289158950617286,0.6037847222222221,64.86273791152263,2.1211013034455655,241502230.25041607
43-4043272-000203-000220,0.03181510418653488,0.2886022627353668,-0.3429554891492301,3.0300036623844937,2.1852216991809175,-3.6661645519917734,0.4645960108181203,0.06064345278341222,63.82842573811133,3.1697945482965273,83792301.22949934
43-4710330-000020-000035,3.2429508678433194e-07,0.001434188336133957,-0.4969555913547529,2.8338781455988933,1.3122717327142803,7.7960596087576,0.9924414581740046,0.0016124039477038489,217.49496248952985,6.936025481159082,41421.84882478525
43-4884208-000054-000101,0.0008133462979458272,0.020673321560025215,-0.46440861984666354,2.743523590686274,1.3702773795984848,3.535720586320465,0.9704728349673202,0.0004901960784313725,99.81821793300654,2.753706072094804,904023.4922539468
43-726546-000249-000257,0.025255616754293442,0.9761039018630981,-0.3796122804112064,2.018920650652985,1.7904188253104067,-2.1608748039587224,0.787266791044776,0.030781250000000003,121.19283115671642,16.310099390374436,1073044.4927732444
44-1243905-000030-000049,0.012705142609775066,0.7201740145683289,-0.32210038837274224,4.610778193721065,1.1978002401725703,-4.350397399450233,0.15172706886574078,0.5277003761574074,53.13874602141203,4.325493077859776,103359830.35144587
44-1575487-000000-000028,0.007886773906648159,0.9656782150268555,-0.37375997711809905,2.7527345610119047,1.6754565054253945,-0.8637536632719499,0.6925818452380952,0.10038814484126984,98.01340178571427,3.3165873023192156,74142358.82025968
44-1575487-000111-000126,0.10818734765052795,0.761899471282959,-0.37821980478477424,2.6509790981359647,1.6808053392870697,-1.9569204488475418,0.7621431834795322,0.05785316154970761,122.82341785453218,5.054306579007663,81824266.7202273
44-1767138-000033-000047,0.0017630686052143574,0.20321018993854523,-0.4282608362435594,2.4358389262280427,1.4780400721061786,1.3340598653656195,0.8369356043198529,0.02933357587826798,114.33972088184233,4.1384398138895,2699815.217182918
44-1915618-000000-000036,0.001560858334414661,0.6073496341705322,-0.28448075763889613,1.7544005208333326,2.262684818706133,-2.7143973292824084,0.4869340277777777,0.03894560185185185,131.3165491898148,13.845399676891821,4894747.519628146
44-1915618-000042-000108,0.15850834548473358,0.5579817295074463,-0.3082594148984814,2.542988808760683,2.389788431395281,-3.1083311395733175,0.3659019764957265,0.1245868055555556,82.2509500534188,3.5368032468067403,95726152.86475007
44-2049846-000048-000105,0.012779316864907742,0.2539765536785126,-0.34313036497421817,1.7336419164972903,2.136519987373502,-0.26555291834885586,0.3797207137110434,0.09717458502710026,72.13835627858231,3.773862371759717,35530574.53583651
44-2154596-000000-000020,0.3052835166454315,3.620790958404541,-0.39826550237488817,1.8972694628318285,1.8155520782889107,-0.20398903725743633,0.7909014521756977,0.03161881670771758,61.86590701115218,2.380801705726325,24477530.209266935
44-2154596-000052-000110,0.10992225259542465,2.6708834171295166,-0.37228831099512116,2.156289651440513,1.964930597403402,-2.34075533916851,0.7613020600089565,0.014740306389013285,73.20168215405285,4.587861738201261,25526004.005518045
44-2154596-000139-000158,0.1659761369228363,4.396197319030762,-0.39487733116416496,2.298144543799529,1.7152880283274796,-0.6949072668604315,0.8018838794888268,0.03940440494038694,65.82422516420361,2.8798797444228375,51948934.685320035
44-2154596-000214-000230,0.15958921611309052,2.650432825088501,-0.4234076700865238,2.2641131162898414,1.5658092825086878,-2.5223447830157153,0.907970453875626,0.01411677403056713,119.48909756431306,7.668376998239573,4100354.9505713354
44-2289400-000013-000041,0.003154326695948839,1.1137173175811768,-0.36892072030338696,1.9102656560019842,1.8581848435615906,-0.1369667256350247,0.6696201223544974,0.09204179067460316,81.50613901289684,2.7412283466619485,18570884.70847239
44-2558060-000012-000026,0.3338850140571594,1.789290189743042,-0.2891686130103662,4.012321614583334,1.6814132797148162,-4.3312643888186795,0.3980203227124183,0.1888041258169935,105.20469209558824,2.7808825128047436,146003319.84920165
44-2558060-000113-000120,0.08030392974615097,0.5762739181518555,-0.28861783883047964,4.566209967320262,1.7401002442275875,-4.727842020590789,0.24468852124183005,0.46445669934640527,170.27252042483659,2.251362251107154,235604389.5909806
44-2754180-000024-000040,0.006730479653924704,0.9156614542007446,-0.420916852785052,1.9550415219907407,1.8695056863188277,0.041329040979455375,0.8344212962962961,0.019289737654320984,49.64880034722222,2.4214305678284047,52395632.694240525
44-2879712-000106-000120,0.009487016126513481,1.46309494972229,-0.40264643200519296,2.0628815789473682,1.8139270688538007,0.5337896090673104,0.8099301825993556,0.022674543501611164,47.95121553884712,3.5996796043347237,13519771.86203954
44-2879712-000218-000244,0.0005631608655676246,0.25317561626434326,-0.3330909032524966,2.9980914786967428,2.286732823520333,-0.9895671396038179,0.45842683632157316,0.2135560053981107,107.95886736070942,5.719768869528535,20705579.69207491
44-3303618-000057-000108,1.4298840761184692,3.0490922927856445,-0.390379107521862,5.553291728670636,0.9152301441341614,-3.203355080837674,0.14730902777777774,0.5098902529761905,45.25862661210317,2.7227934852128426,124202835.4002848
44-4710330-000026-000035,2.4368864615098573e-06,0.0022635722998529673,-0.39499590100504434,2.983291543756146,1.603558761700306,-0.3654654230356671,0.728571854235571,0.14638717559071537,243.5042296117517,16.388140993894435,3063615.8726939424
44-4884208-000010-000025,0.004259256646037102,0.2586274743080139,-0.47487688742874745,2.784302975501542,1.3409897231960963,4.637307863890093,0.9707884837962963,0.0054639274691358035,78.04876977237652,2.4410048855315707,401587.4637608392
44-726546-000203-000223,0.020018575713038445,0.44970226287841797,-0.3722652783102376,1.866803069612873,1.7557368850254225,-2.420878977609511,0.8699622007151743,0.0024725007773631845,132.45378818796647,16.271021654228964,492312.58941677056
45-1243905-000003-000013,0.00021667263354174793,0.05131373554468155,-0.30899720242511697,3.77658763888889,1.575459027512918,-3.945067432508681,0.31113611111111117,0.3232791666666667,72.53651874999997,3.0186475661586196,204841213.4532853
45-1575487-000117-000132,0.15340593457221985,1.2594387531280518,-0.38768639993063164,2.38034167123538,1.6563891981073333,-2.793088921726518,0.8630688048245613,0.019687043128654966,155.83060352704675,3.3955672528026812,32143942.762232065
45-1575487-000205-000220,0.04030719771981239,1.3289422988891602,-0.40973393798551877,2.429418654057017,1.6918775814323144,0.0995185752467097,0.8137970577485379,0.02901498538011696,101.48771061769007,2.7365176379940963,34386211.94071152
45-1767138-000016-000028,0.005610283929854631,0.18615682423114777,-0.4713098490857279,2.508028484943726,1.442832845802452,1.6621665764585758,0.814883411159004,0.0053935434626436775,44.67136239822797,,162048.1464544342
45-1990581-000009-000025,0.022668085992336273,0.5426427721977234,-0.29821041134971193,1.3753234979889393,2.284077039243534,-2.848402511665725,0.5038634364002011,0.019600773001508295,120.88781422825541,40.26230891514396,311347.0064121198
45-1990581-000056-000115,0.09720133244991302,1.5183961391448975,-0.3563000170275718,1.30467880834399,1.9726684795935454,-2.6712995782382247,0.7030803761722082,0.012903612531969316,112.59638280583971,40.80861600200551,32084.85864644657
45-1990581-000241-000253,0.0183845404535532,1.109094500541687,-0.4018232621131459,1.9509307386747803,2.0285071605624934,-2.5915274388311356,0.7783457995267075,0.016781820486815417,62.872188767748476,7.972475633213131,5802625.474079924
45-2049846-000105-000125,0.012532335706055164,0.3777082562446594,-0.3492864612171795,2.109992980957031,1.8191252352135237,-0.44286056960070647,0.7677827058015043,0.016241568106192133,130.8348123055917,3.1807380166238084,69071127.25043102
45-2154596-000000-000025,0.0016564397374168038,1.0245442390441895,-0.36303985421122925,2.2237420378352493,1.8295148396775707,-3.207637602787613,0.8249456075533665,0.01393165024630542,117.09808565955119,17.812963399415242,1052627.0801697797
45-2154596-000113-000140,1.2340381145477295,5.178374290466309,-0.36713360369412595,4.166414606227106,1.5311642544071742,-4.165280160868226,0.2989806744979159,0.32915924592648743,37.03659719590754,4.453224329958171,62061411.742186815
45-2289400-000140-000148,0.14670830965042114,0.9898711442947388,-0.42003425843010295,2.2899339192708332,1.662870007541609,-1.322567207166884,0.8846969039351853,0.013249421296296296,93.37456597222223,2.989174745655553,19673850.327094648
45-2398015-000007-000022,0.025813264772295952,0.3377254605293274,-0.4327852384927956,2.8827848293895744,1.506151568023169,2.7539543796617787,0.8152794924554184,0.03716735253772291,107.17578146433469,2.3869535516388476,139650056.75035897
45-2398015-000051-000113,0.08819305151700974,0.40259668231010437,-0.3230962876916179,2.5434341078499885,1.9046894497674067,-2.9490219012964425,0.627400856044724,0.054621331236897296,108.07226953761936,3.939007793838706,92500907.13867544
45-2754180-000044-000101,0.0003989929682575166,0.2069549262523651,-0.3816784405150248,2.1132309790410573,1.785895274031448,-1.4664936394182466,0.8714961958082111,0.031216982486362333,96.50889857881135,2.9064530577127528,75607136.8089713
45-2879712-000227-000252,0.002636371646076441,0.22963875532150269,-0.4068149204972588,2.67046932808211,1.6079000577780738,-0.7778769546012856,0.8185722242113221,0.028597286867963548,112.42902991606,3.178453543772512,36079902.01218389
45-2992390-000028-000037,0.010714206844568253,0.38804543018341064,-0.30586760704602595,2.8488294163223142,2.2424255953413685,-3.5688261406007884,0.4743543388429753,0.20119447314049585,126.79423747417356,3.148450976094442,57440761.86963613
45-3176092-000042-000058,0.0036262907087802887,0.32180315256118774,-0.3611859377416375,1.9213953125000003,1.8384343802729852,0.10411496432834125,0.7387322048611111,0.03218055555555556,94.23416319444445,2.7720676897605228,35488256.84108709
45-3303618-000027-000040,2.0281100273132324,3.4865121841430664,-0.3566114908564831,5.054881655092593,1.4030773215159613,-3.608712298111321,0.2023889941077441,0.3046075336700337,65.8685053661616,2.8587990853155927,203123971.08095703
45-3400244-000000-000016,0.0036950260400772095,0.19943857192993164,-0.33396354815820767,5.342603845164608,1.3236342467236921,-4.802992654180331,0.19560297710905342,0.22493377057613173,39.529925572273655,2.6079452902913727,91879737.28655984
45-4710330-000111-000121,0.38947656750679016,0.9856629967689514,-0.3010331992239419,3.6733769665683393,2.490755994971705,-4.213850498982573,0.10835245274773297,0.11848710805200484,83.91626789030919,5.694418173091642,18507761.345695492
45-4884208-000145-000153,0.04031834751367569,0.5665779113769531,-0.3952944036937375,2.70289587673611,1.5825176011712905,1.6829625811089404,0.822787326388889,0.03648611111111111,117.34857204861112,4.878565862244198,18379501.79264903
46-1243905-000055-000105,0.00019755610264837742,0.08483289182186127,-0.34583213762668435,4.782311215277778,1.1290659356049833,-4.768131444878472,0.10813541666666669,0.6440881944444443,62.500363194444446,43.18778609157095,3242577.7216929235
46-1575487-000107-000117,0.34853678941726685,1.6935749053955078,-0.3923020947140861,3.0568696180555555,1.601278638554508,-0.14432847113715372,0.649359027777778,0.15660277777777779,84.75929583333334,,65696079.52853809
46-1767138-000002-000017,0.0458979494869709,0.26227784156799316,-0.4162428356534383,1.2608307638286071,2.0553253954719035,0.05525165393028663,0.5309131763599537,0.031080457899305563,45.71150716145834,9.756163135258463,387580.6891020696
46-1917741-000038-000048,9.286492422688752e-05,0.01110154204070568,-0.47460112475716915,2.7922722077546296,1.3398581683000303,2.135846691668475,0.9855888310185188,0.001594328703703704,120.8713548900463,3.5231773649931264,237093.90248101795
46-1990581-000000-000005,0.057329099625349045,0.773978590965271,-0.43113711203002353,1.601361315359477,2.0058833522034973,-1.9576198515050554,0.7628114787581698,0.010092422385620916,47.954286662581694,5.958818242984549,1637837.6516494045
46-2049846-000016-000026,0.12615445256233215,1.0726149082183838,-0.3912485197239514,2.2781152230721933,1.6681202065550698,-0.03877192532574766,0.8523570873119213,0.020468252676504626,105.78987178096064,2.659636700624799,41119912.220143855
46-2154596-000000-000012,3.4776854515075684,5.96578311920166,-0.3061198598035392,4.5173766880414465,1.0721737774132252,-4.68933275163142,0.11370392390011892,0.63441091954023,32.26362748428742,7.292009198307065,16425956.653290305
46-2398015-000158-000209,0.1987782120704651,1.14132821559906,-0.3448839578645162,2.7283408779149516,1.6553640288098705,-1.708147249996428,0.7463505944215819,0.06166380887059898,155.31061185413813,4.072349136366246,107668040.27562664
46-2398015-000232-000246,0.006896696984767914,0.4072531759738922,-0.3125335230930112,2.3251092842229477,1.7456808511443846,-2.6298663911441307,0.8018146332607118,0.015048111837327526,202.05131013979667,9.071581280640645,20907726.770895332
46-2561986-000041-000051,2.827331066131592,3.269150972366333,-0.3354908004411455,3.1715349151234555,1.6355531654125681,-0.9210902083534279,0.6027308384773661,0.11547710905349791,94.99461612654322,5.3237119984242485,77647396.24021105
46-330504-000033-000046,0.0003104884235654026,0.09771765768527985,-0.3299025759678923,2.822663602941177,2.088215100954316,-3.447300578278187,0.44080882352941175,0.05832720588235294,83.00154411764704,3.3190498612142276,53170898.82738109
46-726546-000007-000018,0.08033181726932526,1.8505736589431763,-0.44219018595268156,1.816829567440575,1.7948250165705615,-1.803121069187483,0.8692293739635159,0.004333367882808182,63.150270349640685,4.118481241055894,2504462.7287874967
46-726546-000219-000235,0.27635157108306885,1.3731223344802856,-0.4341748954341285,2.1774454051856105,1.744016211376045,-1.7222120317881746,0.8058248421354764,0.038715078453884416,88.83602480386529,4.096093262346281,4385038.186048894
